來源,類別,市場,方向,名次,代號,名稱,買賣超(張),收盤價,漲跌,漲跌幅%
富邦 e 點通,外資,上市,買超,1,00403A,主動統一升級50,30089.0,11.29,-0.07,
富邦 e 點通,外資,上市,買超,2,2408,南亞科,21773.0,532.0,18.0,
富邦 e 點通,外資,上市,買超,3,1314,中石化,21624.0,9.06,0.15,
富邦 e 點通,外資,上市,買超,4,3231,緯創,15509.0,188.5,3.5,
富邦 e 點通,外資,上市,買超,5,1301,台塑,14225.0,81.3,5.9,
富邦 e 點通,外資,上市,買超,6,2002,中鋼,10325.0,18.95,0.0,
富邦 e 點通,外資,上市,買超,7,1101,台泥,10143.0,25.7,0.2,
富邦 e 點通,外資,上市,買超,8,2886,兆豐金,10106.0,49.3,-0.5,
富邦 e 點通,外資,上市,買超,9,1312,國喬,8931.0,15.15,0.1,
富邦 e 點通,外資,上市,買超,10,00961,FT臺灣永續高息,8268.0,13.19,0.0,
富邦 e 點通,外資,上市,買超,11,1102,亞泥,7342.0,36.35,0.45,
富邦 e 點通,外資,上市,買超,12,9904,寶成,6440.0,25.05,0.1,
富邦 e 點通,外資,上市,買超,13,2609,陽明,5245.0,59.7,0.6,
富邦 e 點通,外資,上市,買超,14,2340,台亞,5007.0,52.9,4.75,
富邦 e 點通,外資,上市,買超,15,2801,彰銀,4989.0,27.95,0.2,
富邦 e 點通,外資,上市,買超,16,1216,統一,4818.0,75.6,0.1,
富邦 e 點通,外資,上市,買超,17,1326,台化,4600.0,77.6,1.8,
富邦 e 點通,外資,上市,買超,18,6278,台表科,4600.0,248.0,-2.5,
富邦 e 點通,外資,上市,買超,19,00953B,群益優選非投等債,4315.0,9.45,0.0,
富邦 e 點通,外資,上市,買超,20,2313,華通,4036.0,248.0,2.0,
富邦 e 點通,外資,上市,買超,21,00988A,主動統一全球創新,3968.0,17.32,-0.27,
富邦 e 點通,外資,上市,買超,22,2542,興富發,3831.0,39.05,0.25,
富邦 e 點通,外資,上市,買超,23,2305,全友,3698.0,64.7,5.8,
富邦 e 點通,外資,上市,買超,24,00941,中信上游半導體,3583.0,26.45,-0.36,
富邦 e 點通,外資,上市,買超,25,9945,潤泰新,3536.0,29.8,0.5,
富邦 e 點通,外資,上市,買超,26,3702,大聯大,3300.0,117.5,-2.5,
富邦 e 點通,外資,上市,買超,27,00997A,主動群益美國增長,3235.0,11.96,-0.08,
富邦 e 點通,外資,上市,買超,28,2241,艾姆勒,3098.0,50.5,-1.5,
富邦 e 點通,外資,上市,買超,29,1310,台苯,3057.0,10.05,0.31,
富邦 e 點通,外資,上市,買超,30,00409A,主動復華全球50,3029.0,10.36,-0.05,
富邦 e 點通,外資,上市,買超,31,1313,聯成,2989.0,12.8,0.2,
富邦 e 點通,外資,上市,買超,32,1711,永光,2937.0,46.25,0.8,
富邦 e 點通,外資,上市,買超,33,2412,中華電,2792.0,146.5,1.0,
富邦 e 點通,外資,上市,買超,34,3026,禾伸堂,2745.0,877.0,38.0,
富邦 e 點通,外資,上市,買超,35,00945B,凱基美國非投等債,2656.0,14.26,0.02,
富邦 e 點通,外資,上市,買超,36,1434,福懋,2495.0,19.45,0.5,
富邦 e 點通,外資,上市,買超,37,1710,東聯,2402.0,18.1,0.5,
富邦 e 點通,外資,上市,買超,38,2889,國票金,2321.0,16.5,0.2,
富邦 e 點通,外資,上市,買超,39,2104,國際中橡,2162.0,11.6,0.3,
富邦 e 點通,外資,上市,買超,40,4958,臻鼎-KY,2140.0,592.0,-3.0,
富邦 e 點通,外資,上市,買超,41,1455,集盛,2091.0,10.25,-0.55,
富邦 e 點通,外資,上市,買超,42,1409,新纖,2058.0,26.05,-0.1,
富邦 e 點通,外資,上市,買超,43,8150,南茂,1913.0,128.0,-0.5,
富邦 e 點通,外資,上市,買超,44,1440,南紡,1837.0,14.35,0.4,
富邦 e 點通,外資,上市,買超,45,3037,欣興,1828.0,1270.0,-35.0,
富邦 e 點通,外資,上市,買超,46,2855,統一證,1820.0,58.6,0.9,
富邦 e 點通,外資,上市,買超,47,1709,和益,1746.0,61.0,0.8,
富邦 e 點通,外資,上市,買超,48,2353,宏碁,1709.0,31.3,0.0,
富邦 e 點通,外資,上市,買超,49,3042,晶技,1691.0,211.0,0.5,
富邦 e 點通,外資,上市,買超,50,2484,希華,1641.0,90.6,3.5,
富邦 e 點通,外資,上市,賣超,1,00406A,主動中信台灣收益,-59464.0,10.16,-0.08,
富邦 e 點通,外資,上市,賣超,2,2409,友達,-59451.0,36.6,-1.35,
富邦 e 點通,外資,上市,賣超,3,0050,元大台灣50,-51509.0,114.95,-1.1,
富邦 e 點通,外資,上市,賣超,4,009816,凱基台灣TOP50,-30703.0,16.87,-0.17,
富邦 e 點通,外資,上市,賣超,5,2317,鴻海,-25605.0,249.0,-3.0,
富邦 e 點通,外資,上市,賣超,6,00919,群益台灣精選高息,-22480.0,31.65,-0.29,
富邦 e 點通,外資,上市,賣超,7,6770,力積電,-21679.0,72.2,-0.4,
富邦 e 點通,外資,上市,賣超,8,2887,台新新光金,-21355.0,41.0,-1.15,
富邦 e 點通,外資,上市,賣超,9,3481,群創,-20582.0,51.0,-1.5,
富邦 e 點通,外資,上市,賣超,10,2303,聯電,-19791.0,147.5,-1.0,
富邦 e 點通,外資,上市,賣超,11,2891,中信金,-16935.0,67.3,-1.4,
富邦 e 點通,外資,上市,賣超,12,00712,復華富時不動產,-16764.0,6.92,-0.16,
富邦 e 點通,外資,上市,賣超,13,2337,旺宏,-15691.0,116.0,-2.0,
富邦 e 點通,外資,上市,賣超,14,00631L,元大台灣50正2,-15119.0,40.9,-0.85,
富邦 e 點通,外資,上市,賣超,15,6505,台塑化,-14513.0,110.5,3.5,
富邦 e 點通,外資,上市,賣超,16,2344,華邦電,-14221.0,177.0,-2.5,
富邦 e 點通,外資,上市,賣超,17,2883,凱基金,-13828.0,37.55,-0.95,
富邦 e 點通,外資,上市,賣超,18,1303,南亞,-12940.0,310.0,-4.0,
富邦 e 點通,外資,上市,賣超,19,2330,台積電,-12303.0,2550.0,-35.0,
富邦 e 點通,外資,上市,賣超,20,2882,國泰金,-9854.0,110.0,-3.0,
富邦 e 點通,外資,上市,賣超,21,2324,仁寶,-9661.0,35.5,-0.6,
富邦 e 點通,外資,上市,賣超,22,2890,永豐金,-8800.0,44.05,-0.6,
富邦 e 點通,外資,上市,賣超,23,1718,中纖,-7988.0,12.2,0.9,
富邦 e 點通,外資,上市,賣超,24,2382,廣達,-7936.0,325.5,-9.5,
富邦 e 點通,外資,上市,賣超,25,9105,泰金寶-DR,-7597.0,8.63,-0.26,
富邦 e 點通,外資,上市,賣超,26,00994A,主動第一金台股優,-7459.0,17.94,-0.23,
富邦 e 點通,外資,上市,賣超,27,1802,台玻,-7087.0,63.9,-1.8,
富邦 e 點通,外資,上市,賣超,28,0056,元大高股息,-6731.0,58.3,-0.15,
富邦 e 點通,外資,上市,賣超,29,2489,瑞軒,-6713.0,41.0,-0.4,
富邦 e 點通,外資,上市,賣超,30,00929,復華台灣科技優息,-6658.0,30.03,-0.11,
富邦 e 點通,外資,上市,賣超,31,00992A,主動群益科技創新,-6303.0,20.01,-0.13,
富邦 e 點通,外資,上市,賣超,32,00400A,主動國泰動能高息,-6202.0,16.15,-0.2,
富邦 e 點通,外資,上市,賣超,33,2327,國巨*,-5757.0,635.0,-12.0,
富邦 e 點通,外資,上市,賣超,34,00922,國泰台灣領袖50,-5603.0,44.64,-0.51,
富邦 e 點通,外資,上市,賣超,35,1605,華新,-5597.0,39.1,-0.8,
富邦 e 點通,外資,上市,賣超,36,2332,友訊,-5511.0,20.8,-0.3,
富邦 e 點通,外資,上市,賣超,37,2492,華新科,-5355.0,420.0,-8.0,
富邦 e 點通,外資,上市,賣超,38,2885,元大金,-5170.0,68.3,-1.7,
富邦 e 點通,外資,上市,賣超,39,2481,強茂,-5053.0,172.5,-6.0,
富邦 e 點通,外資,上市,賣超,40,2881,富邦金,-4764.0,153.0,-2.5,
富邦 e 點通,外資,上市,賣超,41,2834,臺企銀,-4691.0,17.45,-0.1,
富邦 e 點通,外資,上市,賣超,42,00407A,主動凱基台灣,-4682.0,10.52,-0.08,
富邦 e 點通,外資,上市,賣超,43,1504,東元,-4647.0,71.7,-1.6,
富邦 e 點通,外資,上市,賣超,44,00878,國泰永續高股息,-4596.0,34.99,-0.23,
富邦 e 點通,外資,上市,賣超,45,4989,榮科,-4343.0,73.2,-0.5,
富邦 e 點通,外資,上市,賣超,46,2884,玉山金,-4287.0,45.0,-0.75,
富邦 e 點通,外資,上市,賣超,47,0052,富邦科技,-4182.0,67.0,-0.65,
富邦 e 點通,外資,上市,賣超,48,2880,華南金,-3424.0,45.8,-1.1,
富邦 e 點通,外資,上市,賣超,49,00918,大華優利高填息30,-3230.0,33.97,-0.17,
富邦 e 點通,外資,上市,賣超,50,2618,長榮航,-3101.0,41.4,-0.55,
富邦 e 點通,投信,上市,買超,1,6505,台塑化,14835.0,110.5,3.5,
富邦 e 點通,投信,上市,買超,2,1301,台塑,13940.0,81.3,5.9,
富邦 e 點通,投信,上市,買超,3,2887,台新新光金,8156.0,41.0,-1.15,
富邦 e 點通,投信,上市,買超,4,2883,凱基金,3515.0,37.55,-0.95,
富邦 e 點通,投信,上市,買超,5,2891,中信金,3186.0,67.3,-1.4,
富邦 e 點通,投信,上市,買超,6,2027,大成鋼,2989.0,48.25,0.5,
富邦 e 點通,投信,上市,買超,7,2881,富邦金,2844.0,153.0,-2.5,
富邦 e 點通,投信,上市,買超,8,2882,國泰金,2832.0,110.0,-3.0,
富邦 e 點通,投信,上市,買超,9,1216,統一,1911.0,75.6,0.1,
富邦 e 點通,投信,上市,買超,10,2303,聯電,1605.0,147.5,-1.0,
富邦 e 點通,投信,上市,買超,11,2368,金像電,1454.0,1285.0,40.0,
富邦 e 點通,投信,上市,買超,12,2885,元大金,1240.0,68.3,-1.7,
富邦 e 點通,投信,上市,買超,13,2890,永豐金,1125.0,44.05,-0.6,
富邦 e 點通,投信,上市,買超,14,1303,南亞,877.0,310.0,-4.0,
富邦 e 點通,投信,上市,買超,15,3231,緯創,872.0,188.5,3.5,
富邦 e 點通,投信,上市,買超,16,4904,遠傳,809.0,106.0,0.0,
富邦 e 點通,投信,上市,買超,17,2330,台積電,792.0,2550.0,-35.0,
富邦 e 點通,投信,上市,買超,18,3661,世芯-KY,773.0,4345.0,155.0,
富邦 e 點通,投信,上市,買超,19,2884,玉山金,756.0,45.0,-0.75,
富邦 e 點通,投信,上市,買超,20,2313,華通,708.0,248.0,2.0,
富邦 e 點通,投信,上市,買超,21,2382,廣達,705.0,325.5,-9.5,
富邦 e 點通,投信,上市,買超,22,8070,長華*,600.0,50.5,-1.0,
富邦 e 點通,投信,上市,買超,23,3026,禾伸堂,499.0,877.0,38.0,
富邦 e 點通,投信,上市,買超,24,2345,智邦,455.0,2070.0,55.0,
富邦 e 點通,投信,上市,買超,25,2412,中華電,399.0,146.5,1.0,
富邦 e 點通,投信,上市,買超,26,3042,晶技,381.0,211.0,0.5,
富邦 e 點通,投信,上市,買超,27,2308,台達電,358.0,1965.0,-25.0,
富邦 e 點通,投信,上市,買超,28,3036,文曄,351.0,215.5,0.0,
富邦 e 點通,投信,上市,買超,29,3406,玉晶光,276.0,1060.0,-25.0,
富邦 e 點通,投信,上市,買超,30,2441,超豐,235.0,127.0,0.0,
富邦 e 點通,投信,上市,買超,31,2603,長榮,234.0,232.5,0.0,
富邦 e 點通,投信,上市,買超,32,4958,臻鼎-KY,234.0,592.0,-3.0,
富邦 e 點通,投信,上市,買超,33,1476,儒鴻,225.0,310.0,13.0,
富邦 e 點通,投信,上市,買超,34,6271,同欣電,208.0,245.5,4.0,
富邦 e 點通,投信,上市,買超,35,2408,南亞科,192.0,532.0,18.0,
富邦 e 點通,投信,上市,買超,36,6257,矽格,185.0,283.0,5.0,
富邦 e 點通,投信,上市,買超,37,3034,聯詠,168.0,531.0,2.0,
富邦 e 點通,投信,上市,買超,38,2317,鴻海,147.0,249.0,-3.0,
富邦 e 點通,投信,上市,買超,39,6239,力成,145.0,308.0,0.5,
富邦 e 點通,投信,上市,買超,40,2451,創見,139.0,284.5,-2.5,
富邦 e 點通,投信,上市,買超,41,2892,第一金,129.0,38.65,-0.25,
富邦 e 點通,投信,上市,買超,42,2379,瑞昱,127.0,749.0,8.0,
富邦 e 點通,投信,上市,買超,43,2404,漢唐,126.0,1305.0,-25.0,
富邦 e 點通,投信,上市,買超,44,6770,力積電,125.0,72.2,-0.4,
富邦 e 點通,投信,上市,買超,45,1802,台玻,121.0,63.9,-1.8,
富邦 e 點通,投信,上市,買超,46,3443,創意,111.0,8360.0,-100.0,
富邦 e 點通,投信,上市,買超,47,8021,尖點,107.0,557.0,1.0,
富邦 e 點通,投信,上市,買超,48,2458,義隆,99.0,132.0,-2.0,
富邦 e 點通,投信,上市,買超,49,2376,技嘉,98.0,363.0,-2.5,
富邦 e 點通,投信,上市,買超,50,3189,景碩,97.0,1075.0,-25.0,
富邦 e 點通,投信,上市,賣超,1,2449,京元電子,-8530.0,304.5,5.0,
富邦 e 點通,投信,上市,賣超,2,2886,兆豐金,-5228.0,49.3,-0.5,
富邦 e 點通,投信,上市,賣超,3,2633,台灣高鐵,-2348.0,25.7,-0.05,
富邦 e 點通,投信,上市,賣超,4,00980A,主動野村臺灣優選,-2120.0,26.47,-0.2,
富邦 e 點通,投信,上市,賣超,5,4915,致伸,-1234.0,63.3,0.4,
富邦 e 點通,投信,上市,賣超,6,3665,貿聯-KY,-1116.0,2360.0,45.0,
富邦 e 點通,投信,上市,賣超,7,2327,國巨*,-1038.0,635.0,-12.0,
富邦 e 點通,投信,上市,賣超,8,3037,欣興,-849.0,1270.0,-35.0,
富邦 e 點通,投信,上市,賣超,9,2481,強茂,-632.0,172.5,-6.0,
富邦 e 點通,投信,上市,賣超,10,2455,全新,-563.0,558.0,-1.0,
富邦 e 點通,投信,上市,賣超,11,2377,微星,-497.0,154.5,-1.5,
富邦 e 點通,投信,上市,賣超,12,6515,穎崴,-444.0,5615.0,95.0,
富邦 e 點通,投信,上市,賣超,13,2610,華航,-432.0,20.15,-0.2,
富邦 e 點通,投信,上市,賣超,14,2542,興富發,-330.0,39.05,0.25,
富邦 e 點通,投信,上市,賣超,15,2618,長榮航,-330.0,41.4,-0.55,
富邦 e 點通,投信,上市,賣超,16,6805,富世達,-275.0,2370.0,-85.0,
富邦 e 點通,投信,上市,賣超,17,2059,川湖,-251.0,10615.0,-1175.0,
富邦 e 點通,投信,上市,賣超,18,2344,華邦電,-250.0,177.0,-2.5,
富邦 e 點通,投信,上市,賣超,19,3711,日月光投控,-233.0,744.0,12.0,
富邦 e 點通,投信,上市,賣超,20,5876,上海商銀,-203.0,49.65,0.15,
富邦 e 點通,投信,上市,賣超,21,3017,奇鋐,-182.0,3440.0,-105.0,
富邦 e 點通,投信,上市,賣超,22,2347,聯強,-182.0,96.4,-0.4,
富邦 e 點通,投信,上市,賣超,23,2454,聯發科,-157.0,4690.0,-145.0,
富邦 e 點通,投信,上市,賣超,24,1402,遠東新,-107.0,28.4,-0.2,
富邦 e 點通,投信,上市,賣超,25,2105,正新,-97.0,30.35,0.0,
富邦 e 點通,投信,上市,賣超,26,00965,元大航太防衛科技,-96.0,25.0,-0.37,
富邦 e 點通,投信,上市,賣超,27,2357,華碩,-94.0,996.0,7.0,
富邦 e 點通,投信,上市,賣超,28,2393,億光,-93.0,67.8,-0.2,
富邦 e 點通,投信,上市,賣超,29,4938,和碩,-89.0,89.7,-0.3,
富邦 e 點通,投信,上市,賣超,30,1102,亞泥,-80.0,36.35,0.45,
富邦 e 點通,投信,上市,賣超,31,3045,台灣大,-61.0,124.0,1.5,
富邦 e 點通,投信,上市,賣超,32,3015,全漢,-58.0,51.7,-0.9,
富邦 e 點通,投信,上市,賣超,33,9917,中保科,-58.0,106.5,0.0,
富邦 e 點通,投信,上市,賣超,34,3653,健策,-52.0,7165.0,360.0,
富邦 e 點通,投信,上市,賣超,35,2385,群光,-52.0,104.0,-1.0,
富邦 e 點通,投信,上市,賣超,36,5469,瀚宇博,-46.0,80.2,-0.3,
富邦 e 點通,投信,上市,賣超,37,1718,中纖,-44.0,12.2,0.9,
富邦 e 點通,投信,上市,賣超,38,1714,和桐,-40.0,19.95,0.3,
富邦 e 點通,投信,上市,賣超,39,5871,中租-KY,-40.0,105.5,-0.5,
富邦 e 點通,投信,上市,賣超,40,1444,力麗,-35.0,7.0,0.01,
富邦 e 點通,投信,上市,賣超,41,1477,聚陽,-27.0,204.0,1.5,
富邦 e 點通,投信,上市,賣超,42,1447,力鵬,-26.0,6.6,-0.02,
富邦 e 點通,投信,上市,賣超,43,2395,研華,-23.0,727.0,-6.0,
富邦 e 點通,投信,上市,賣超,44,2634,漢翔,-23.0,63.2,-0.4,
富邦 e 點通,投信,上市,賣超,45,2609,陽明,-21.0,59.7,0.6,
富邦 e 點通,投信,上市,賣超,46,6782,視陽,-20.0,230.0,-2.5,
富邦 e 點通,投信,上市,賣超,47,9910,豐泰,-18.0,66.3,0.0,
富邦 e 點通,投信,上市,賣超,48,2515,中工,-17.0,11.95,-0.2,
富邦 e 點通,投信,上市,賣超,49,9907,統一實,-16.0,14.8,0.0,
富邦 e 點通,投信,上市,賣超,50,6669,緯穎,-16.0,2240.0,0.0,
富邦 e 點通,自營商,上市,買超,1,00632R,元大台灣50反1,44564.0,9.24,0.1,
富邦 e 點通,自營商,上市,買超,2,00673R,期元大S＆P原油反1,10696.0,10.77,-0.02,
富邦 e 點通,自營商,上市,買超,3,00405A,主動富邦台灣龍耀,9293.0,9.63,-0.03,
富邦 e 點通,自營商,上市,買超,4,00403A,主動統一升級50,9081.0,11.29,-0.07,
富邦 e 點通,自營商,上市,買超,5,00961,FT臺灣永續高息,8282.0,13.19,0.0,
富邦 e 點通,自營商,上市,買超,6,00994A,主動第一金台股優,7582.0,17.94,-0.23,
富邦 e 點通,自營商,上市,買超,7,009820,元大納斯達克精選,6266.0,10.79,0.0,
富邦 e 點通,自營商,上市,買超,8,00990A,主動元大AI新經濟,5715.0,16.59,-0.18,
富邦 e 點通,自營商,上市,買超,9,00882,中信中國高股息,5432.0,14.95,0.16,
富邦 e 點通,自營商,上市,買超,10,00407A,主動凱基台灣,5037.0,10.52,-0.08,
富邦 e 點通,自營商,上市,買超,11,00941,中信上游半導體,4351.0,26.45,-0.36,
富邦 e 點通,自營商,上市,買超,12,00988A,主動統一全球創新,3995.0,17.32,-0.27,
富邦 e 點通,自營商,上市,買超,13,00409A,主動復華全球50,3047.0,10.36,-0.05,
富邦 e 點通,自營商,上市,買超,14,00940,元大台灣價值高息,3030.0,13.21,-0.07,
富邦 e 點通,自營商,上市,買超,15,00402A,主動安聯美國科技,2567.0,10.35,-0.02,
富邦 e 點通,自營商,上市,買超,16,00997A,主動群益美國增長,2297.0,11.96,-0.08,
富邦 e 點通,自營商,上市,買超,17,00980A,主動野村臺灣優選,1722.0,26.47,-0.2,
富邦 e 點通,自營商,上市,買超,18,00735,國泰臺韓科技,1699.0,110.15,-1.05,
富邦 e 點通,自營商,上市,買超,19,00664R,國泰臺灣加權反1,1650.0,1.49,0.01,
富邦 e 點通,自營商,上市,買超,20,00984D,主動聯博全球非投,1635.0,9.64,0.01,
富邦 e 點通,自營商,上市,買超,21,2887,台新新光金,1478.0,41.0,-1.15,
富邦 e 點通,自營商,上市,買超,22,009824,群益美國科技巨頭,1476.0,10.86,0.02,
富邦 e 點通,自營商,上市,買超,23,2880,華南金,1407.0,45.8,-1.1,
富邦 e 點通,自營商,上市,買超,24,00954,中信日本半導體,1403.0,20.84,0.03,
富邦 e 點通,自營商,上市,買超,25,2883,凱基金,1316.0,37.55,-0.95,
富邦 e 點通,自營商,上市,買超,26,00757,統一FANG+,1315.0,146.75,0.65,
富邦 e 點通,自營商,上市,買超,27,2891,中信金,1308.0,67.3,-1.4,
富邦 e 點通,自營商,上市,買超,28,2886,兆豐金,1299.0,49.3,-0.5,
富邦 e 點通,自營商,上市,買超,29,00676R,富邦臺灣加權反1,1172.0,5.11,0.06,
富邦 e 點通,自營商,上市,買超,30,00662,富邦NASDAQ,1076.0,127.3,-0.05,
富邦 e 點通,自營商,上市,買超,31,2890,永豐金,1073.0,44.05,-0.6,
富邦 e 點通,自營商,上市,買超,32,1718,中纖,1013.0,12.2,0.9,
富邦 e 點通,自營商,上市,買超,33,2884,玉山金,822.0,45.0,-0.75,
富邦 e 點通,自營商,上市,買超,34,009805,台新美國電力基建,802.0,15.37,-0.19,
富邦 e 點通,自營商,上市,買超,35,00951,台新日本半導體,719.0,19.54,-0.01,
富邦 e 點通,自營商,上市,買超,36,5243,乙盛-KY,694.0,105.0,8.2,
富邦 e 點通,自營商,上市,買超,37,3702,大聯大,684.0,117.5,-2.5,
富邦 e 點通,自營商,上市,買超,38,00946,群益科技高息成長,667.0,15.34,-0.06,
富邦 e 點通,自營商,上市,買超,39,00688L,國泰20年美債正2,619.0,5.56,-0.02,
富邦 e 點通,自營商,上市,買超,40,00706L,期元大S＆P日圓正2,567.0,19.03,0.05,
富邦 e 點通,自營商,上市,買超,41,6116,彩晶,562.0,15.1,-0.4,
富邦 e 點通,自營商,上市,買超,42,2609,陽明,544.0,59.7,0.6,
富邦 e 點通,自營商,上市,買超,43,009802,富邦旗艦50,543.0,20.32,-0.22,
富邦 e 點通,自營商,上市,買超,44,2885,元大金,537.0,68.3,-1.7,
富邦 e 點通,自營商,上市,買超,45,2330,台積電,509.0,2550.0,-35.0,
富邦 e 點通,自營商,上市,買超,46,00830,國泰費城半導體,507.0,91.9,-0.65,
富邦 e 點通,自營商,上市,買超,47,2484,希華,464.0,90.6,3.5,
富邦 e 點通,自營商,上市,買超,48,1710,東聯,456.0,18.1,0.5,
富邦 e 點通,自營商,上市,買超,49,3711,日月光投控,435.0,744.0,12.0,
富邦 e 點通,自營商,上市,買超,50,2504,國產,419.0,31.95,0.4,
富邦 e 點通,自營商,上市,賣超,1,00685L,群益臺灣加權正2,-137582.0,13.53,-0.31,
富邦 e 點通,自營商,上市,賣超,2,00406A,主動中信台灣收益,-113578.0,10.16,-0.08,
富邦 e 點通,自營商,上市,賣超,3,009816,凱基台灣TOP50,-106720.0,16.87,-0.17,
富邦 e 點通,自營商,上市,賣超,4,00985A,主動野村台灣50,-59115.0,24.32,-0.18,
富邦 e 點通,自營商,上市,賣超,5,00631L,元大台灣50正2,-48977.0,40.9,-0.85,
富邦 e 點通,自營商,上市,賣超,6,00919,群益台灣精選高息,-46225.0,31.65,-0.29,
富邦 e 點通,自營商,上市,賣超,7,00927,群益半導體收益,-35397.0,40.27,-0.25,
富邦 e 點通,自營商,上市,賣超,8,00878,國泰永續高股息,-27908.0,34.99,-0.23,
富邦 e 點通,自營商,上市,賣超,9,00712,復華富時不動產,-27425.0,6.92,-0.16,
富邦 e 點通,自營商,上市,賣超,10,0056,元大高股息,-25389.0,58.3,-0.15,
富邦 e 點通,自營商,上市,賣超,11,00992A,主動群益科技創新,-23248.0,20.01,-0.13,
富邦 e 點通,自營商,上市,賣超,12,009828,中信台日韓PCB,-18207.0,11.18,-0.14,
富邦 e 點通,自營商,上市,賣超,13,0050,元大台灣50,-12764.0,114.95,-1.1,
富邦 e 點通,自營商,上市,賣超,14,00929,復華台灣科技優息,-10766.0,30.03,-0.11,
富邦 e 點通,自營商,上市,賣超,15,009829,大華韓國KOSPI50,-9878.0,10.71,-0.17,
富邦 e 點通,自營商,上市,賣超,16,009821,野村稀土關鍵資源,-9583.0,12.94,-0.32,
富邦 e 點通,自營商,上市,賣超,17,0052,富邦科技,-9182.0,67.0,-0.65,
富邦 e 點通,自營商,上市,賣超,18,2409,友達,-8494.0,36.6,-1.35,
富邦 e 點通,自營商,上市,賣超,19,00984A,主動安聯台灣高息,-7313.0,16.2,-0.12,
富邦 e 點通,自營商,上市,賣超,20,00934,中信成長高股息,-7196.0,30.0,-0.07,
富邦 e 點通,自營商,上市,賣超,21,00996A,主動兆豐台灣豐收,-6896.0,15.37,-0.06,
富邦 e 點通,自營商,上市,賣超,22,00962,台新AI優息動能,-6522.0,15.27,-0.04,
富邦 e 點通,自營商,上市,賣超,23,00400A,主動國泰動能高息,-6085.0,16.15,-0.2,
富邦 e 點通,自營商,上市,賣超,24,00918,大華優利高填息30,-5004.0,33.97,-0.17,
富邦 e 點通,自營商,上市,賣超,25,00881,國泰台灣科技龍頭,-4629.0,53.3,-0.65,
富邦 e 點通,自營商,上市,賣超,26,00753L,中信中國50正2,-4093.0,8.38,-0.04,
富邦 e 點通,自營商,上市,賣超,27,00904,台新臺灣半導體30,-4029.0,44.27,-0.28,
富邦 e 點通,自營商,上市,賣超,28,00686R,群益臺灣加權反1,-3758.0,0.91,0.0,
富邦 e 點通,自營商,上市,賣超,29,00922,國泰台灣領袖50,-3660.0,44.64,-0.51,
富邦 e 點通,自營商,上市,賣超,30,00401A,主動摩根台灣鑫收,-2877.0,14.53,-0.09,
富邦 e 點通,自營商,上市,賣超,31,00945B,凱基美國非投等債,-2643.0,14.26,0.02,
富邦 e 點通,自營商,上市,賣超,32,2610,華航,-2633.0,20.15,-0.2,
富邦 e 點通,自營商,上市,賣超,33,00935,野村臺灣新科技50,-2579.0,62.35,-0.6,
富邦 e 點通,自營商,上市,賣超,34,00665L,富邦恒生國企正2,-2476.0,8.61,0.03,
富邦 e 點通,自營商,上市,賣超,35,00891,中信關鍵半導體,-2464.0,38.23,-0.27,
富邦 e 點通,自營商,上市,賣超,36,00943,兆豐電子高息等權,-2294.0,21.27,-0.09,
富邦 e 點通,自營商,上市,賣超,37,1312,國喬,-2281.0,15.15,0.1,
富邦 e 點通,自營商,上市,賣超,38,00912,中信臺灣智慧50,-2266.0,36.72,-0.48,
富邦 e 點通,自營商,上市,賣超,39,00947,台新臺灣IC設計,-2136.0,40.66,-0.11,
富邦 e 點通,自營商,上市,賣超,40,009826,貝萊德世界股票,-2063.0,10.1,-0.03,
富邦 e 點通,自營商,上市,賣超,41,00981A,主動統一台股增長,-1967.0,32.24,-0.02,
富邦 e 點通,自營商,上市,賣超,42,1802,台玻,-1956.0,63.9,-1.8,
富邦 e 點通,自營商,上市,賣超,43,00646,元大S＆P500,-1940.0,78.35,0.2,
富邦 e 點通,自營商,上市,賣超,44,00637L,元大滬深300正2,-1889.0,17.93,-0.09,
富邦 e 點通,自營商,上市,賣超,45,6770,力積電,-1846.0,72.2,-0.4,
富邦 e 點通,自營商,上市,賣超,46,009803,玉山市值動能50,-1584.0,22.23,-0.15,
富邦 e 點通,自營商,上市,賣超,47,2303,聯電,-1526.0,147.5,-1.0,
富邦 e 點通,自營商,上市,賣超,48,00738U,期元大道瓊白銀,-1526.0,47.38,-0.62,
富邦 e 點通,自營商,上市,賣超,49,00663L,國泰臺灣加權正2,-1404.0,118.1,-2.7,
富邦 e 點通,自營商,上市,賣超,50,00982A,主動群益台灣強棒,-1335.0,24.25,-0.27,
富邦 e 點通,主力,上市,買超,1,00632R,元大台灣50反1,31312.0,9.24,0.1,1.09
富邦 e 點通,主力,上市,買超,2,2408,南亞科,22903.0,532.0,18.0,3.5
富邦 e 點通,主力,上市,買超,3,00403A,主動統一升級50,20395.0,11.29,-0.07,-0.62
富邦 e 點通,主力,上市,買超,4,1314,中石化,17340.0,9.06,0.15,1.68
富邦 e 點通,主力,上市,買超,5,2340,台亞,12068.0,52.9,4.75,9.87
富邦 e 點通,主力,上市,買超,6,00961,FT臺灣永續高息,11201.0,13.19,0.0,0.0
富邦 e 點通,主力,上市,買超,7,1301,台塑,9836.0,81.3,5.9,7.82
富邦 e 點通,主力,上市,買超,8,3231,緯創,7963.0,188.5,3.5,1.89
富邦 e 點通,主力,上市,買超,9,00673R,期元大S＆P原油反1,7107.0,10.77,-0.02,-0.19
富邦 e 點通,主力,上市,買超,10,00405A,主動富邦台灣龍耀,6367.0,9.63,-0.03,-0.31
富邦 e 點通,主力,上市,買超,11,2609,陽明,5988.0,59.7,0.6,1.02
富邦 e 點通,主力,上市,買超,12,2002,中鋼,5545.0,18.95,0.0,0.0
富邦 e 點通,主力,上市,買超,13,1312,國喬,5384.0,15.15,0.1,0.66
富邦 e 點通,主力,上市,買超,14,1102,亞泥,5273.0,36.35,0.45,1.25
富邦 e 點通,主力,上市,買超,15,2305,全友,5000.0,64.7,5.8,9.85
富邦 e 點通,主力,上市,買超,16,00988A,主動統一全球創新,4945.0,17.32,-0.27,-1.53
富邦 e 點通,主力,上市,買超,17,1326,台化,4831.0,77.6,1.8,2.37
富邦 e 點通,主力,上市,買超,18,2801,彰銀,4707.0,27.95,0.2,0.72
富邦 e 點通,主力,上市,買超,19,9904,寶成,4581.0,25.05,0.1,0.4
富邦 e 點通,主力,上市,買超,20,2241,艾姆勒,4285.0,50.5,-1.5,-2.88
富邦 e 點通,主力,上市,買超,21,00882,中信中國高股息,3727.0,14.95,0.16,1.08
富邦 e 點通,主力,上市,買超,22,1216,統一,3720.0,75.6,0.1,0.13
富邦 e 點通,主力,上市,買超,23,2313,華通,3571.0,248.0,2.0,0.81
富邦 e 點通,主力,上市,買超,24,00981A,主動統一台股增長,3356.0,32.24,-0.02,-0.06
富邦 e 點通,主力,上市,買超,25,1101,台泥,3356.0,25.7,0.2,0.78
富邦 e 點通,主力,上市,買超,26,009820,元大納斯達克精選,3104.0,10.79,0.0,0.0
富邦 e 點通,主力,上市,買超,27,3026,禾伸堂,2971.0,877.0,38.0,4.53
富邦 e 點通,主力,上市,買超,28,00997A,主動群益美國增長,2704.0,11.96,-0.08,-0.66
富邦 e 點通,主力,上市,買超,29,00990A,主動元大AI新經濟,2420.0,16.59,-0.18,-1.07
富邦 e 點通,主力,上市,買超,30,6505,台塑化,2398.0,110.5,3.5,3.27
富邦 e 點通,主力,上市,買超,31,2412,中華電,2379.0,146.5,1.0,0.69
富邦 e 點通,主力,上市,買超,32,1434,福懋,2279.0,19.45,0.5,2.64
富邦 e 點通,主力,上市,買超,33,1711,永光,2254.0,46.25,0.8,1.76
富邦 e 點通,主力,上市,買超,34,1313,聯成,2177.0,12.8,0.2,1.59
富邦 e 點通,主力,上市,買超,35,2027,大成鋼,2177.0,48.25,0.5,1.05
富邦 e 點通,主力,上市,買超,36,1409,新纖,2165.0,26.05,-0.1,-0.38
富邦 e 點通,主力,上市,買超,37,2484,希華,2126.0,90.6,3.5,4.02
富邦 e 點通,主力,上市,買超,38,5880,合庫金,2082.0,26.45,-0.1,-0.38
富邦 e 點通,主力,上市,買超,39,9945,潤泰新,2044.0,29.8,0.5,1.71
富邦 e 點通,主力,上市,買超,40,1710,東聯,1956.0,18.1,0.5,2.84
富邦 e 點通,主力,上市,買超,41,00402A,主動安聯美國科技,1953.0,10.35,-0.02,-0.19
富邦 e 點通,主力,上市,買超,42,9919,康那香,1940.0,16.1,1.45,9.9
富邦 e 點通,主力,上市,買超,43,00953B,群益優選非投等債,1783.0,9.45,0.0,0.0
富邦 e 點通,主力,上市,買超,44,9103,美德醫療-DR,1739.0,5.88,0.53,9.91
富邦 e 點通,主力,上市,買超,45,4720,德淵,1725.0,25.55,2.3,9.89
富邦 e 點通,主力,上市,買超,46,2542,興富發,1653.0,39.05,0.25,0.64
富邦 e 點通,主力,上市,買超,47,009819,中信數據及電力,1594.0,10.14,0.0,0.0
富邦 e 點通,主力,上市,買超,48,1440,南紡,1502.0,14.35,0.4,2.87
富邦 e 點通,主力,上市,買超,49,1325,恆大,1491.0,30.55,2.75,9.89
富邦 e 點通,主力,上市,買超,50,4934,太極,1450.0,17.1,1.55,9.97
富邦 e 點通,主力,上市,賣超,1,00406A,主動中信台灣收益,-138617.0,10.16,-0.08,-0.78
富邦 e 點通,主力,上市,賣超,2,00685L,群益臺灣加權正2,-104323.0,13.53,-0.31,-2.24
富邦 e 點通,主力,上市,賣超,3,009816,凱基台灣TOP50,-102267.0,16.87,-0.17,-1.0
富邦 e 點通,主力,上市,賣超,4,2409,友達,-68310.0,36.6,-1.35,-3.56
富邦 e 點通,主力,上市,賣超,5,00919,群益台灣精選高息,-54453.0,31.65,-0.29,-0.91
富邦 e 點通,主力,上市,賣超,6,0050,元大台灣50,-51846.0,114.95,-1.1,-0.95
富邦 e 點通,主力,上市,賣超,7,00985A,主動野村台灣50,-47085.0,24.32,-0.18,-0.73
富邦 e 點通,主力,上市,賣超,8,00631L,元大台灣50正2,-46206.0,40.9,-0.85,-2.04
富邦 e 點通,主力,上市,賣超,9,00712,復華富時不動產,-37740.0,6.92,-0.16,-2.26
富邦 e 點通,主力,上市,賣超,10,1802,台玻,-36145.0,63.9,-1.8,-2.74
富邦 e 點通,主力,上市,賣超,11,00927,群益半導體收益,-30909.0,40.27,-0.25,-0.62
富邦 e 點通,主力,上市,賣超,12,00992A,主動群益科技創新,-25175.0,20.01,-0.13,-0.65
富邦 e 點通,主力,上市,賣超,13,0056,元大高股息,-24477.0,58.3,-0.15,-0.26
富邦 e 點通,主力,上市,賣超,14,00878,國泰永續高股息,-23974.0,34.99,-0.23,-0.65
富邦 e 點通,主力,上市,賣超,15,6770,力積電,-21700.0,72.2,-0.4,-0.55
富邦 e 點通,主力,上市,賣超,16,2317,鴻海,-20283.0,249.0,-3.0,-1.19
富邦 e 點通,主力,上市,賣超,17,3481,群創,-17864.0,51.0,-1.5,-2.86
富邦 e 點通,主力,上市,賣超,18,009828,中信台日韓PCB,-17554.0,11.18,-0.14,-1.24
富邦 e 點通,主力,上市,賣超,19,2303,聯電,-14756.0,147.5,-1.0,-0.67
富邦 e 點通,主力,上市,賣超,20,00929,復華台灣科技優息,-14652.0,30.03,-0.11,-0.36
富邦 e 點通,主力,上市,賣超,21,2883,凱基金,-13816.0,37.55,-0.95,-2.47
富邦 e 點通,主力,上市,賣超,22,2344,華邦電,-13485.0,177.0,-2.5,-1.39
富邦 e 點通,主力,上市,賣超,23,2887,台新新光金,-13262.0,41.0,-1.15,-2.73
富邦 e 點通,主力,上市,賣超,24,2337,旺宏,-13158.0,116.0,-2.0,-1.69
富邦 e 點通,主力,上市,賣超,25,1303,南亞,-11868.0,310.0,-4.0,-1.27
富邦 e 點通,主力,上市,賣超,26,2330,台積電,-9384.0,2550.0,-35.0,-1.35
富邦 e 點通,主力,上市,賣超,27,2327,國巨*,-9239.0,635.0,-12.0,-1.85
富邦 e 點通,主力,上市,賣超,28,2891,中信金,-8935.0,67.3,-1.4,-2.04
富邦 e 點通,主力,上市,賣超,29,00400A,主動國泰動能高息,-8556.0,16.15,-0.2,-1.22
富邦 e 點通,主力,上市,賣超,30,2324,仁寶,-8555.0,35.5,-0.6,-1.66
富邦 e 點通,主力,上市,賣超,31,009821,野村稀土關鍵資源,-7691.0,12.94,-0.32,-2.41
富邦 e 點通,主力,上市,賣超,32,2492,華新科,-7126.0,420.0,-8.0,-1.87
富邦 e 點通,主力,上市,賣超,33,00922,國泰台灣領袖50,-6915.0,44.64,-0.51,-1.13
富邦 e 點通,主力,上市,賣超,34,00918,大華優利高填息30,-6897.0,33.97,-0.17,-0.5
富邦 e 點通,主力,上市,賣超,35,00984A,主動安聯台灣高息,-6726.0,16.2,-0.12,-0.74
富邦 e 點通,主力,上市,賣超,36,00996A,主動兆豐台灣豐收,-6463.0,15.37,-0.06,-0.39
富邦 e 點通,主力,上市,賣超,37,2481,強茂,-6455.0,172.5,-6.0,-3.36
富邦 e 點通,主力,上市,賣超,38,0052,富邦科技,-6229.0,67.0,-0.65,-0.96
富邦 e 點通,主力,上市,賣超,39,2489,瑞軒,-6002.0,41.0,-0.4,-0.97
富邦 e 點通,主力,上市,賣超,40,2382,廣達,-5912.0,325.5,-9.5,-2.84
富邦 e 點通,主力,上市,賣超,41,009829,大華韓國KOSPI50,-5145.0,10.71,-0.17,-1.56
富邦 e 點通,主力,上市,賣超,42,00962,台新AI優息動能,-5138.0,15.27,-0.04,-0.26
富邦 e 點通,主力,上市,賣超,43,2882,國泰金,-4873.0,110.0,-3.0,-2.65
富邦 e 點通,主力,上市,賣超,44,9105,泰金寶-DR,-4770.0,8.63,-0.26,-2.92
富邦 e 點通,主力,上市,賣超,45,1605,華新,-4750.0,39.1,-0.8,-2.01
富邦 e 點通,主力,上市,賣超,46,2834,臺企銀,-4456.0,17.45,-0.1,-0.57
富邦 e 點通,主力,上市,賣超,47,4989,榮科,-4386.0,73.2,-0.5,-0.68
富邦 e 點通,主力,上市,賣超,48,00934,中信成長高股息,-4369.0,30.0,-0.07,-0.23
富邦 e 點通,主力,上市,賣超,49,2885,元大金,-4326.0,68.3,-1.7,-2.43
富邦 e 點通,主力,上市,賣超,50,00891,中信關鍵半導體,-3624.0,38.23,-0.27,-0.7
富邦 e 點通,外資,上櫃,買超,1,00981B,第一金優選非投債,6699.0,8.95,0.01,
富邦 e 點通,外資,上櫃,買超,2,3624,光頡,6181.0,175.0,15.5,
富邦 e 點通,外資,上櫃,買超,3,3105,穩懋,4286.0,581.0,-7.0,
富邦 e 點通,外資,上櫃,買超,4,00679B,元大美債20年,4256.0,24.35,0.05,
富邦 e 點通,外資,上櫃,買超,5,6127,九豪,3247.0,64.1,5.8,
富邦 e 點通,外資,上櫃,買超,6,00687B,國泰20年美債,2398.0,25.29,0.05,
富邦 e 點通,外資,上櫃,買超,7,8042,金山電,2289.0,138.5,12.5,
富邦 e 點通,外資,上櫃,買超,8,4167,松瑞藥,2151.0,22.0,1.55,
富邦 e 點通,外資,上櫃,買超,9,8086,宏捷科,2111.0,154.0,14.0,
富邦 e 點通,外資,上櫃,買超,10,00725B,國泰投資級公司債,1433.0,32.6,0.05,
富邦 e 點通,外資,上櫃,買超,11,5009,榮剛,1362.0,33.65,0.95,
富邦 e 點通,外資,上櫃,買超,12,3685,元創精密,1276.0,37.9,2.6,
富邦 e 點通,外資,上櫃,買超,13,6016,康和證,1274.0,23.95,-0.05,
富邦 e 點通,外資,上櫃,買超,14,4114,健喬,1143.0,30.15,0.95,
富邦 e 點通,外資,上櫃,買超,15,5347,世界,1087.0,186.5,-3.5,
富邦 e 點通,外資,上櫃,買超,16,00795B,中信美國公債20年,1041.0,24.44,0.03,
富邦 e 點通,外資,上櫃,買超,17,00772B,中信高評級公司債,975.0,30.92,0.05,
富邦 e 點通,外資,上櫃,買超,18,6274,台燿,924.0,1740.0,20.0,
富邦 e 點通,外資,上櫃,買超,19,8111,立碁,728.0,93.7,-0.3,
富邦 e 點通,外資,上櫃,買超,20,00740B,富邦全球投等債,674.0,35.6,0.01,
富邦 e 點通,外資,上櫃,買超,21,6174,安碁,668.0,64.0,5.8,
富邦 e 點通,外資,上櫃,買超,22,5230,雷笛克光學,656.0,25.0,2.25,
富邦 e 點通,外資,上櫃,買超,23,3374,精材,619.0,497.0,0.0,
富邦 e 點通,外資,上櫃,買超,24,6603,富強鑫,618.0,29.55,0.75,
富邦 e 點通,外資,上櫃,買超,25,8932,智通*,596.0,92.7,2.6,
富邦 e 點通,外資,上櫃,買超,26,6015,宏遠證,582.0,18.15,0.35,
富邦 e 點通,外資,上櫃,買超,27,4123,晟德,580.0,31.35,0.25,
富邦 e 點通,外資,上櫃,買超,28,4128,中天,562.0,15.55,0.2,
富邦 e 點通,外資,上櫃,買超,29,3290,東浦,518.0,55.8,5.0,
富邦 e 點通,外資,上櫃,買超,30,00948B,中信優息投資級債,435.0,8.71,0.01,
富邦 e 點通,外資,上櫃,買超,31,00970B,台新BBB投等債20+,430.0,8.63,0.01,
富邦 e 點通,外資,上櫃,買超,32,8289,泰藝,423.0,60.9,5.5,
富邦 e 點通,外資,上櫃,買超,33,4714,永捷,410.0,12.45,0.5,
富邦 e 點通,外資,上櫃,買超,34,4743,合一,404.0,48.1,1.0,
富邦 e 點通,外資,上櫃,買超,35,00887,永豐中國科技50大,383.0,14.87,-0.23,
富邦 e 點通,外資,上櫃,買超,36,00773B,中信優先金融債,383.0,33.19,0.1,
富邦 e 點通,外資,上櫃,買超,37,6146,耕興,374.0,191.5,10.0,
富邦 e 點通,外資,上櫃,買超,38,00984B,大華優利美A債15,359.0,14.98,0.03,
富邦 e 點通,外資,上櫃,買超,39,4105,東洋,353.0,80.9,0.6,
富邦 e 點通,外資,上櫃,買超,40,00986D,主動復華金融債息,350.0,13.84,0.01,
富邦 e 點通,外資,上櫃,買超,41,4157,太景*-KY,337.0,9.33,0.78,
富邦 e 點通,外資,上櫃,買超,42,6811,宏碁資訊,314.0,281.0,8.0,
富邦 e 點通,外資,上櫃,買超,43,4716,大立,308.0,19.75,0.3,
富邦 e 點通,外資,上櫃,買超,44,8038,長園科,301.0,36.2,2.1,
富邦 e 點通,外資,上櫃,買超,45,8936,國統,294.0,54.0,0.9,
富邦 e 點通,外資,上櫃,買超,46,00942B,台新美A公司債20+,290.0,13.08,0.04,
富邦 e 點通,外資,上櫃,買超,47,3354,律勝,280.0,32.0,1.5,
富邦 e 點通,外資,上櫃,買超,48,6122,擎邦,278.0,63.0,3.1,
富邦 e 點通,外資,上櫃,買超,49,3221,台嘉碩,262.0,55.0,0.6,
富邦 e 點通,外資,上櫃,買超,50,8182,加高,257.0,45.7,1.9,
富邦 e 點通,外資,上櫃,賣超,1,6182,合晶,-8918.0,129.0,-6.0,
富邦 e 點通,外資,上櫃,賣超,2,3707,漢磊,-6079.0,85.9,-4.0,
富邦 e 點通,外資,上櫃,賣超,3,6147,頎邦,-4956.0,226.0,-5.5,
富邦 e 點通,外資,上櫃,賣超,4,00998A,主動復華金融股息,-4212.0,16.1,-0.67,
富邦 e 點通,外資,上櫃,賣超,5,5483,中美晶,-4001.0,216.5,-7.5,
富邦 e 點通,外資,上櫃,賣超,6,00720B,元大投資級公司債,-2595.0,30.58,0.08,
富邦 e 點通,外資,上櫃,賣超,7,5314,世紀*,-2508.0,27.15,-0.4,
富邦 e 點通,外資,上櫃,賣超,8,5309,系統電,-2315.0,67.8,0.6,
富邦 e 點通,外資,上櫃,賣超,9,3234,光環,-2006.0,183.0,-8.0,
富邦 e 點通,外資,上櫃,賣超,10,1785,光洋科,-1959.0,103.5,-3.5,
富邦 e 點通,外資,上櫃,賣超,11,3260,威剛,-1927.0,362.5,-2.5,
富邦 e 點通,外資,上櫃,賣超,12,1815,富喬,-1749.0,135.0,2.5,
富邦 e 點通,外資,上櫃,賣超,13,5425,台半,-1578.0,100.5,-4.0,
富邦 e 點通,外資,上櫃,賣超,14,4127,天良,-1546.0,40.55,-2.35,
富邦 e 點通,外資,上櫃,賣超,15,1569,濱川,-1527.0,70.0,-2.2,
富邦 e 點通,外資,上櫃,賣超,16,5351,鈺創,-1517.0,115.0,0.5,
富邦 e 點通,外資,上櫃,賣超,17,3264,欣銓,-1503.0,256.0,6.0,
富邦 e 點通,外資,上櫃,賣超,18,6218,豪勉,-1433.0,56.0,-4.8,
富邦 e 點通,外資,上櫃,賣超,19,4939,亞電,-1404.0,78.3,1.4,
富邦 e 點通,外資,上櫃,賣超,20,6488,環球晶,-1301.0,1130.0,-85.0,
富邦 e 點通,外資,上櫃,賣超,21,5340,建榮,-1227.0,94.4,4.4,
富邦 e 點通,外資,上櫃,賣超,22,6538,倉和,-1224.0,332.5,0.5,
富邦 e 點通,外資,上櫃,賣超,23,5475,德宏,-1156.0,203.0,10.0,
富邦 e 點通,外資,上櫃,賣超,24,6244,茂迪,-1111.0,22.3,-0.5,
富邦 e 點通,外資,上櫃,賣超,25,00888,永豐台灣ESG,-1110.0,36.69,-0.17,
富邦 e 點通,外資,上櫃,賣超,26,6199,天品,-1089.0,142.0,2.5,
富邦 e 點通,外資,上櫃,賣超,27,4903,聯光通,-1064.0,45.95,-0.8,
富邦 e 點通,外資,上櫃,賣超,28,5904,寶雅*,-927.0,69.5,-0.6,
富邦 e 點通,外資,上櫃,賣超,29,8121,越峰,-839.0,34.4,-0.25,
富邦 e 點通,外資,上櫃,賣超,30,6234,高僑,-708.0,39.5,-2.3,
富邦 e 點通,外資,上櫃,賣超,31,8069,元太,-673.0,144.0,-1.0,
富邦 e 點通,外資,上櫃,賣超,32,3324,雙鴻,-666.0,1520.0,-5.0,
富邦 e 點通,外資,上櫃,賣超,33,6179,亞通,-607.0,37.8,0.05,
富邦 e 點通,外資,上櫃,賣超,34,4908,前鼎,-597.0,243.5,-10.5,
富邦 e 點通,外資,上櫃,賣超,35,6548,長科*,-483.0,77.3,-0.6,
富邦 e 點通,外資,上櫃,賣超,36,6190,萬泰科,-446.0,76.5,0.1,
富邦 e 點通,外資,上櫃,賣超,37,2061,風青,-446.0,67.3,-1.1,
富邦 e 點通,外資,上櫃,賣超,38,3219,倚強科,-387.0,130.0,0.0,
富邦 e 點通,外資,上櫃,賣超,39,3564,其陽,-384.0,66.9,6.0,
富邦 e 點通,外資,上櫃,賣超,40,3363,上詮,-381.0,667.0,-12.0,
富邦 e 點通,外資,上櫃,賣超,41,5392,能率,-379.0,38.2,-0.75,
富邦 e 點通,外資,上櫃,賣超,42,4979,華星光,-377.0,565.0,-14.0,
富邦 e 點通,外資,上櫃,賣超,43,1595,川寶,-375.0,73.4,1.1,
富邦 e 點通,外資,上櫃,賣超,44,5439,高技,-362.0,260.5,-1.5,
富邦 e 點通,外資,上櫃,賣超,45,6532,瑞耘,-350.0,108.5,-8.0,
富邦 e 點通,外資,上櫃,賣超,46,3162,精確,-349.0,82.2,-0.9,
富邦 e 點通,外資,上櫃,賣超,47,8431,匯鑽科,-342.0,59.6,-4.4,
富邦 e 點通,外資,上櫃,賣超,48,6187,萬潤,-336.0,1525.0,-10.0,
富邦 e 點通,外資,上櫃,賣超,49,5452,佶優,-324.0,30.45,-0.75,
富邦 e 點通,外資,上櫃,賣超,50,6290,良維,-320.0,280.5,-4.0,
富邦 e 點通,投信,上櫃,買超,1,6147,頎邦,2016.0,226.0,-5.5,
富邦 e 點通,投信,上櫃,買超,2,3324,雙鴻,717.0,1520.0,-5.0,
富邦 e 點通,投信,上櫃,買超,3,5536,聖暉*,616.0,1030.0,-15.0,
富邦 e 點通,投信,上櫃,買超,4,6548,長科*,243.0,77.3,-0.6,
富邦 e 點通,投信,上櫃,買超,5,6274,台燿,210.0,1740.0,20.0,
富邦 e 點通,投信,上櫃,買超,6,5483,中美晶,198.0,216.5,-7.5,
富邦 e 點通,投信,上櫃,買超,7,3264,欣銓,146.0,256.0,6.0,
富邦 e 點通,投信,上櫃,買超,8,6510,精測,135.0,3320.0,300.0,
富邦 e 點通,投信,上櫃,買超,9,6187,萬潤,131.0,1525.0,-10.0,
富邦 e 點通,投信,上櫃,買超,10,5904,寶雅*,85.0,69.5,-0.6,
富邦 e 點通,投信,上櫃,買超,11,3260,威剛,75.0,362.5,-2.5,
富邦 e 點通,投信,上櫃,買超,12,8299,群聯,28.0,2060.0,0.0,
富邦 e 點通,投信,上櫃,買超,13,1815,富喬,24.0,135.0,2.5,
富邦 e 點通,投信,上櫃,買超,14,8069,元太,20.0,144.0,-1.0,
富邦 e 點通,投信,上櫃,買超,15,4966,譜瑞-KY,17.0,558.0,-10.0,
富邦 e 點通,投信,上櫃,買超,16,5289,宜鼎,16.0,1250.0,-10.0,
富邦 e 點通,投信,上櫃,買超,17,6683,雍智科技,14.0,1415.0,-30.0,
富邦 e 點通,投信,上櫃,買超,18,6223,旺矽,14.0,5575.0,45.0,
富邦 e 點通,投信,上櫃,買超,19,3491,昇達科,13.0,1685.0,-20.0,
富邦 e 點通,投信,上櫃,買超,20,5351,鈺創,12.0,115.0,0.5,
富邦 e 點通,投信,上櫃,買超,21,1785,光洋科,8.0,103.5,-3.5,
富邦 e 點通,投信,上櫃,買超,22,7751,竑騰,2.0,1620.0,20.0,
富邦 e 點通,投信,上櫃,買超,23,6664,群翊,2.0,373.5,-4.5,
富邦 e 點通,投信,上櫃,買超,24,3374,精材,1.0,497.0,0.0,
富邦 e 點通,投信,上櫃,買超,25,3680,家登,0.0,571.0,4.0,
富邦 e 點通,投信,上櫃,買超,26,4749,新應材,0.0,759.0,-32.0,
富邦 e 點通,投信,上櫃,買超,28,6703,軒郁,0.0,99.9,-0.6,
富邦 e 點通,投信,上櫃,買超,29,2718,全心投控,0.0,39.65,-0.05,
富邦 e 點通,投信,上櫃,買超,30,4420,光明,0.0,35.8,0.4,
富邦 e 點通,投信,上櫃,買超,31,6577,勁豐,0.0,80.0,-0.5,
富邦 e 點通,投信,上櫃,買超,32,5209,新鼎,0.0,181.0,8.0,
富邦 e 點通,投信,上櫃,賣超,1,3105,穩懋,-4265.0,581.0,-7.0,
富邦 e 點通,投信,上櫃,賣超,2,6488,環球晶,-989.0,1130.0,-85.0,
富邦 e 點通,投信,上櫃,賣超,3,5347,世界,-642.0,186.5,-3.5,
富邦 e 點通,投信,上櫃,賣超,4,6291,沛亨,-325.0,439.0,-30.5,
富邦 e 點通,投信,上櫃,賣超,5,3081,聯亞,-93.0,2960.0,-180.0,
富邦 e 點通,投信,上櫃,賣超,6,3227,原相,-59.0,187.0,0.5,
富邦 e 點通,投信,上櫃,賣超,7,3529,力旺,-53.0,2915.0,-100.0,
富邦 e 點通,投信,上櫃,賣超,8,4979,華星光,-51.0,565.0,-14.0,
富邦 e 點通,投信,上櫃,賣超,9,8155,博智,-48.0,326.5,-7.5,
富邦 e 點通,投信,上櫃,賣超,10,5274,信驊,-36.0,17485.0,-265.0,
富邦 e 點通,投信,上櫃,賣超,11,006201,元大富櫃50,-22.0,47.82,-0.66,
富邦 e 點通,投信,上櫃,賣超,12,3131,弘塑,-13.0,2465.0,15.0,
富邦 e 點通,投信,上櫃,賣超,13,6026,福邦證,-8.0,15.8,-0.05,
富邦 e 點通,投信,上櫃,賣超,14,3078,僑威,-5.0,46.55,0.45,
富邦 e 點通,投信,上櫃,賣超,15,4105,東洋,-4.0,80.9,0.6,
富邦 e 點通,投信,上櫃,賣超,16,3293,鈊象,-4.0,788.0,8.0,
富邦 e 點通,投信,上櫃,賣超,17,6509,聚和,-3.0,50.7,0.3,
富邦 e 點通,投信,上櫃,賣超,18,6121,新普,-3.0,364.0,-6.0,
富邦 e 點通,投信,上櫃,賣超,19,3211,順達,-2.0,388.0,-1.5,
富邦 e 點通,投信,上櫃,賣超,20,5309,系統電,-2.0,67.8,0.6,
富邦 e 點通,投信,上櫃,賣超,21,8938,明安,-2.0,51.9,0.1,
富邦 e 點通,投信,上櫃,賣超,22,6122,擎邦,-1.0,63.0,3.1,
富邦 e 點通,投信,上櫃,賣超,23,8924,大田,-1.0,49.3,0.25,
富邦 e 點通,投信,上櫃,賣超,24,8358,金居,-1.0,535.0,-14.0,
富邦 e 點通,投信,上櫃,賣超,25,8109,博大,-1.0,136.0,1.0,
富邦 e 點通,投信,上櫃,賣超,26,6146,耕興,-1.0,191.5,10.0,
富邦 e 點通,投信,上櫃,賣超,27,5287,數字,-1.0,137.0,-0.5,
富邦 e 點通,自營商,上櫃,買超,1,8358,金居,963.0,535.0,-14.0,
富邦 e 點通,自營商,上櫃,買超,2,00740B,富邦全球投等債,705.0,35.6,0.01,
富邦 e 點通,自營商,上櫃,買超,3,8936,國統,560.0,54.0,0.9,
富邦 e 點通,自營商,上櫃,買超,4,1815,富喬,392.0,135.0,2.5,
富邦 e 點通,自營商,上櫃,買超,5,00992B,街口優息非投債,328.0,9.79,-0.2,
富邦 e 點通,自營商,上櫃,買超,6,009815,大華美國MAG7+,267.0,12.33,0.0,
富邦 e 點通,自營商,上櫃,買超,7,00857B,永豐20年美公債,263.0,21.02,0.04,
富邦 e 點通,自營商,上櫃,買超,8,3105,穩懋,207.0,581.0,-7.0,
富邦 e 點通,自營商,上櫃,買超,9,00987B,野村10+澳洲公債,185.0,15.21,0.04,
富邦 e 點通,自營商,上櫃,買超,10,4114,健喬,160.0,30.15,0.95,
富邦 e 點通,自營商,上櫃,買超,11,4167,松瑞藥,148.0,22.0,1.55,
富邦 e 點通,自營商,上櫃,買超,12,00981D,主動中信非投等債,134.0,10.12,0.02,
富邦 e 點通,自營商,上櫃,買超,13,3374,精材,118.0,497.0,0.0,
富邦 e 點通,自營商,上櫃,買超,14,00764B,群益25年美債,118.0,25.23,0.03,
富邦 e 點通,自營商,上櫃,買超,15,00695B,富邦美債7-10,112.0,33.66,0.1,
富邦 e 點通,自營商,上櫃,買超,16,00863B,中信全球電信債,104.0,29.23,0.07,
富邦 e 點通,自營商,上櫃,買超,17,8086,宏捷科,102.0,154.0,14.0,
富邦 e 點通,自營商,上櫃,買超,18,3265,台星科,99.0,238.5,21.5,
富邦 e 點通,自營商,上櫃,買超,19,5309,系統電,91.0,67.8,0.6,
富邦 e 點通,自營商,上櫃,買超,20,3709,鑫聯大投控,91.0,66.2,0.2,
富邦 e 點通,自營商,上櫃,買超,21,00887,永豐中國科技50大,85.0,14.87,-0.23,
富邦 e 點通,自營商,上櫃,買超,22,3441,聯一光,85.0,249.5,0.5,
富邦 e 點通,自營商,上櫃,買超,23,6127,九豪,77.0,64.1,5.8,
富邦 e 點通,自營商,上櫃,買超,24,00792B,群益A級公司債,75.0,28.9,0.09,
富邦 e 點通,自營商,上櫃,買超,25,8042,金山電,72.0,138.5,12.5,
富邦 e 點通,自營商,上櫃,買超,26,00955,中信日本商社,66.0,15.68,-0.2,
富邦 e 點通,自營商,上櫃,買超,27,4105,東洋,64.0,80.9,0.6,
富邦 e 點通,自營商,上櫃,買超,28,3211,順達,63.0,388.0,-1.5,
富邦 e 點通,自營商,上櫃,買超,29,3236,千如,61.0,58.9,2.7,
富邦 e 點通,自營商,上櫃,買超,30,00799B,國泰A級醫療債,55.0,27.26,0.07,
富邦 e 點通,自營商,上櫃,買超,31,8932,智通*,55.0,92.7,2.6,
富邦 e 點通,自營商,上櫃,買超,32,5009,榮剛,50.0,33.65,0.95,
富邦 e 點通,自營商,上櫃,買超,33,5475,德宏,46.0,203.0,10.0,
富邦 e 點通,自營商,上櫃,買超,34,8043,蜜望實,45.0,146.5,1.5,
富邦 e 點通,自營商,上櫃,買超,35,3290,東浦,39.0,55.8,5.0,
富邦 e 點通,自營商,上櫃,買超,36,8121,越峰,37.0,34.4,-0.25,
富邦 e 點通,自營商,上櫃,買超,37,3317,尼克森,35.0,71.5,2.8,
富邦 e 點通,自營商,上櫃,買超,38,4973,廣穎,35.0,149.0,13.5,
富邦 e 點通,自營商,上櫃,買超,39,00858,永豐美國500大,34.0,36.9,0.0,
富邦 e 點通,自營商,上櫃,買超,40,6245,立端,33.0,88.0,0.7,
富邦 e 點通,自營商,上櫃,買超,41,00966B,統一ESG投等債15+,32.0,12.83,0.03,
富邦 e 點通,自營商,上櫃,買超,42,6187,萬潤,32.0,1525.0,-10.0,
富邦 e 點通,自營商,上櫃,買超,43,8436,大江,32.0,103.0,0.5,
富邦 e 點通,自營商,上櫃,買超,44,6174,安碁,30.0,64.0,5.8,
富邦 e 點通,自營商,上櫃,買超,45,8289,泰藝,30.0,60.9,5.5,
富邦 e 點通,自營商,上櫃,買超,46,00980T,平衡凱基美國TOP,30.0,12.3,0.03,
富邦 e 點通,自營商,上櫃,買超,47,3498,陽程,29.0,225.5,-6.0,
富邦 e 點通,自營商,上櫃,買超,48,00980B,台新特選IG債10+,27.0,8.75,0.02,
富邦 e 點通,自營商,上櫃,買超,49,3264,欣銓,24.0,256.0,6.0,
富邦 e 點通,自營商,上櫃,買超,50,00853B,統一美債10年Aa-A,24.0,25.29,0.04,
富邦 e 點通,自營商,上櫃,賣超,1,00998A,主動復華金融股息,-29779.0,16.1,-0.67,
富邦 e 點通,自營商,上櫃,賣超,2,00981B,第一金優選非投債,-8220.0,8.95,0.01,
富邦 e 點通,自營商,上櫃,賣超,3,00937B,群益ESG投等債20+,-6894.0,13.6,0.02,
富邦 e 點通,自營商,上櫃,賣超,4,00948B,中信優息投資級債,-6057.0,8.71,0.01,
富邦 e 點通,自營商,上櫃,賣超,5,00950B,凱基A級公司債,-4033.0,13.01,0.05,
富邦 e 點通,自營商,上櫃,賣超,6,00411A,主動統一前沿科技,-3195.0,11.13,-0.1,
富邦 e 點通,自營商,上櫃,賣超,7,00679B,元大美債20年,-2974.0,24.35,0.05,
富邦 e 點通,自營商,上櫃,賣超,8,00877,復華中國5G,-2608.0,33.86,-1.13,
富邦 e 點通,自營商,上櫃,賣超,9,6182,合晶,-1790.0,129.0,-6.0,
富邦 e 點通,自營商,上櫃,賣超,10,6147,頎邦,-1505.0,226.0,-5.5,
富邦 e 點通,自營商,上櫃,賣超,11,00933B,國泰10Y+金融債,-1385.0,14.88,0.05,
富邦 e 點通,自營商,上櫃,賣超,12,00687B,國泰20年美債,-1302.0,25.29,0.05,
富邦 e 點通,自營商,上櫃,賣超,13,00720B,元大投資級公司債,-1140.0,30.58,0.08,
富邦 e 點通,自營商,上櫃,賣超,14,00725B,國泰投資級公司債,-1130.0,32.6,0.05,
富邦 e 點通,自營商,上櫃,賣超,15,00888,永豐台灣ESG,-879.0,36.69,-0.17,
富邦 e 點通,自營商,上櫃,賣超,16,00795B,中信美國公債20年,-785.0,24.44,0.03,
富邦 e 點通,自營商,上櫃,賣超,17,5483,中美晶,-700.0,216.5,-7.5,
富邦 e 點通,自營商,上櫃,賣超,18,00970B,台新BBB投等債20+,-652.0,8.63,0.01,
富邦 e 點通,自營商,上櫃,賣超,19,00931B,統一美債20年,-619.0,12.29,0.0,
富邦 e 點通,自營商,上櫃,賣超,20,00989B,台新美國非投等債,-605.0,9.86,0.0,
富邦 e 點通,自營商,上櫃,賣超,21,00988B,玉山嚴選非投債,-593.0,19.03,-0.01,
富邦 e 點通,自營商,上櫃,賣超,22,00696B,富邦美債20年,-571.0,26.52,0.03,
富邦 e 點通,自營商,上櫃,賣超,23,009823,群益S＆P500,-437.0,10.64,0.0,
富邦 e 點通,自營商,上櫃,賣超,24,00719B,元大美債1-3,-400.0,31.12,0.1,
富邦 e 點通,自營商,上櫃,賣超,25,00959B,大華投等美債15Y+,-357.0,8.63,0.02,
富邦 e 點通,自營商,上櫃,賣超,26,00985D,主動貝萊德優投等,-350.0,9.41,0.03,
富邦 e 點通,自營商,上櫃,賣超,27,00968B,元大優息投等債,-346.0,8.58,0.02,
富邦 e 點通,自營商,上櫃,賣超,28,00984B,大華優利美A債15,-342.0,14.98,0.03,
富邦 e 點通,自營商,上櫃,賣超,29,00773B,中信優先金融債,-295.0,33.19,0.1,
富邦 e 點通,自營商,上櫃,賣超,30,00990B,國泰收益非投等債,-285.0,9.84,-0.01,
富邦 e 點通,自營商,上櫃,賣超,31,009814,富邦標普500,-264.0,11.6,-0.01,
富邦 e 點通,自營商,上櫃,賣超,32,00942B,台新美A公司債20+,-231.0,13.08,0.04,
富邦 e 點通,自營商,上櫃,賣超,33,5425,台半,-224.0,100.5,-4.0,
富邦 e 點通,自營商,上櫃,賣超,34,00859B,群益0-1年美債,-211.0,40.8,0.11,
富邦 e 點通,自營商,上櫃,賣超,35,00751B,元大AAA至A公司債,-203.0,28.59,0.05,
富邦 e 點通,自營商,上櫃,賣超,36,4908,前鼎,-193.0,243.5,-10.5,
富邦 e 點通,自營商,上櫃,賣超,37,00726B,國泰新興投等債,-180.0,31.03,0.03,
富邦 e 點通,自營商,上櫃,賣超,38,00772B,中信高評級公司債,-157.0,30.92,0.05,
富邦 e 點通,自營商,上櫃,賣超,39,6227,茂綸,-123.0,138.5,-2.0,
富邦 e 點通,自營商,上櫃,賣超,40,00754B,群益AAA-AA公司債,-115.0,30.01,0.05,
富邦 e 點通,自營商,上櫃,賣超,41,3221,台嘉碩,-106.0,55.0,0.6,
富邦 e 點通,自營商,上櫃,賣超,42,00890B,凱基ESG BBB債15+,-100.0,29.74,0.0,
富邦 e 點通,自營商,上櫃,賣超,43,00980D,主動聯博投等入息,-98.0,19.36,0.0,
富邦 e 點通,自營商,上櫃,賣超,44,00986D,主動復華金融債息,-94.0,13.84,0.01,
富邦 e 點通,自營商,上櫃,賣超,45,00746B,富邦A級公司債,-92.0,33.1,0.09,
富邦 e 點通,自營商,上櫃,賣超,46,00967B,元大優息美債,-91.0,8.42,0.0,
富邦 e 點通,自營商,上櫃,賣超,47,00928,中信上櫃ESG30,-90.0,35.11,-0.3,
富邦 e 點通,自營商,上櫃,賣超,48,00969B,元大零息超長美債,-88.0,7.23,-0.01,
富邦 e 點通,自營商,上櫃,賣超,49,7747,昕奇雲端,-88.0,111.0,0.0,
富邦 e 點通,自營商,上櫃,賣超,50,6548,長科*,-85.0,77.3,-0.6,
